time, status
2022-06-21 02:36, success
2022-06-21 02:43, success
2022-06-21 03:09, success
2022-06-21 04:16, success
2022-06-21 05:02, success
2022-06-21 05:42, success
2022-06-21 06:30, success
2022-06-21 07:21, success
2022-06-21 07:39, success
2022-06-21 08:35, success
2022-06-21 09:31, success
2022-06-21 10:06, success
2022-06-21 10:31, success
2022-06-21 10:50, success
2022-06-21 11:30, success
2022-06-21 11:46, success
2022-06-21 12:51, success
2022-06-21 13:51, success
2022-06-21 14:22, success
2022-06-21 14:41, success
2022-06-21 15:25, success
2022-06-21 15:47, success
2022-06-21 16:40, success
2022-06-21 17:35, success
2022-06-21 18:28, success
2022-06-21 18:50, success
2022-06-21 19:18, success
2022-06-21 19:38, success
2022-06-21 20:24, success
2022-06-21 20:43, success
2022-06-21 21:20, success
2022-06-21 21:41, success
2022-06-21 22:21, success
2022-06-21 22:41, success
2022-06-21 23:24, success
2022-06-21 23:42, success
2022-06-22 02:23, success
2022-06-22 03:44, success
2022-06-22 04:41, success
2022-06-22 05:25, success
2022-06-22 05:42, success
2022-06-22 06:28, success
2022-06-22 06:51, success
2022-06-22 07:21, success
2022-06-22 07:40, success
2022-06-22 08:33, success
2022-06-22 09:22, success
2022-06-22 09:43, success
2022-06-22 10:27, success
2022-06-22 10:46, success
2022-06-22 11:18, success
2022-06-22 11:43, success
2022-06-22 12:47, success
2022-06-22 13:44, success
2022-06-22 14:21, success
2022-06-22 14:41, success
2022-06-22 15:24, success
2022-06-22 15:45, success
2022-06-22 16:35, success
2022-06-22 17:31, success
2022-06-22 18:31, success
2022-06-22 19:18, success
2022-06-22 19:38, success
2022-06-22 20:23, success
2022-06-22 20:42, success
2022-06-22 21:20, success
2022-06-22 21:41, success
2022-06-22 22:22, success
2022-06-22 22:42, success
2022-06-22 23:23, success
2022-06-22 23:42, success
2022-06-23 02:09, success
2022-06-23 03:46, success
2022-06-23 04:41, success
2022-06-23 05:26, success
2022-06-23 05:43, success
2022-06-23 06:30, success
2022-06-23 06:53, success
2022-06-23 07:22, success
2022-06-23 07:40, success
2022-06-23 08:32, success
2022-06-23 09:22, success
2022-06-23 09:43, success
2022-06-23 10:26, success
2022-06-23 10:45, success
2022-06-23 11:19, success
2022-06-23 11:39, success
2022-06-23 12:49, success
2022-06-23 13:43, success
2022-06-23 14:21, success
2022-06-23 14:41, success
2022-06-23 15:27, success
2022-06-23 15:48, success
2022-06-23 16:34, success
2022-06-23 17:26, success
2022-06-23 17:44, success
2022-06-23 18:29, success
2022-06-23 18:53, success
2022-06-23 19:18, success
2022-06-23 19:38, success
2022-06-23 20:24, success
2022-06-23 20:43, success
2022-06-23 21:20, success
2022-06-23 21:41, success
2022-06-23 22:22, success
2022-06-23 22:41, success
2022-06-23 23:23, success
2022-06-23 23:41, success
2022-06-24 02:17, success
2022-06-24 03:50, success
2022-06-24 04:44, success
2022-06-24 05:26, success
2022-06-24 05:43, success
2022-06-24 06:28, success
2022-06-24 06:51, success
2022-06-24 07:21, success
2022-06-24 07:40, success
2022-06-24 08:30, success
2022-06-24 09:22, success
2022-06-24 09:41, success
2022-06-24 10:27, success
2022-06-24 10:45, success
2022-06-24 11:19, success
2022-06-24 11:39, success
2022-06-24 12:49, success
2022-06-24 13:42, success
2022-06-24 14:19, success
2022-06-24 14:40, success
2022-06-24 15:27, success
2022-06-24 15:47, success
2022-06-24 16:35, success
2022-06-24 17:25, success
2022-06-24 17:43, success
2022-06-24 18:30, success
2022-06-24 19:18, success
2022-06-24 19:38, success
2022-06-24 20:24, success
2022-06-24 20:42, success
2022-06-24 21:20, success
2022-06-24 21:40, success
2022-06-24 22:22, success
2022-06-24 22:41, success
2022-06-24 23:22, success
2022-06-24 23:41, success
2022-06-25 02:21, success
2022-06-25 03:43, success
2022-06-25 04:34, success
2022-06-25 05:20, success
2022-06-25 05:39, success
2022-06-25 06:27, success
2022-06-25 06:48, success
2022-06-25 07:20, success
2022-06-25 07:38, success
2022-06-25 08:27, success
2022-06-25 08:46, success
2022-06-25 09:21, success
2022-06-25 09:41, success
2022-06-25 10:24, success
2022-06-25 10:42, success
2022-06-25 11:18, success
2022-06-25 11:38, success
2022-06-25 12:37, success
2022-06-25 13:28, success
2022-06-25 13:44, success
2022-06-25 14:19, success
2022-06-25 14:39, success
2022-06-25 15:22, success
2022-06-25 15:43, success
2022-06-25 16:30, success
2022-06-25 17:21, success
2022-06-25 17:40, success
2022-06-25 18:27, success
2022-06-25 18:47, success
2022-06-25 19:17, success
2022-06-25 19:38, success
2022-06-25 20:23, success
2022-06-25 20:42, success
2022-06-25 21:18, success
2022-06-25 21:40, success
2022-06-25 22:22, success
2022-06-25 22:41, success
2022-06-25 23:21, success
2022-06-25 23:40, success
2022-06-26 02:28, success
2022-06-26 03:46, success
2022-06-26 04:36, success
2022-06-26 05:21, success
2022-06-26 05:40, success
2022-06-26 06:26, success
2022-06-26 06:48, success
2022-06-26 07:20, success
2022-06-26 07:38, success
2022-06-26 08:26, success
2022-06-26 08:45, success
2022-06-26 09:20, success
2022-06-26 09:41, success
2022-06-26 10:24, success
2022-06-26 10:42, success
2022-06-26 11:18, success
2022-06-26 11:38, success
2022-06-26 12:39, success
2022-06-26 13:29, success
2022-06-26 13:44, success
2022-06-26 14:19, success
2022-06-26 14:39, success
2022-06-26 15:22, success
2022-06-26 15:43, success
2022-06-26 16:30, success
2022-06-26 17:21, success
2022-06-26 17:40, success
2022-06-26 18:26, success
2022-06-26 18:46, success
2022-06-26 19:17, success
2022-06-26 19:38, success
2022-06-26 20:22, success
2022-06-26 20:41, success
2022-06-26 21:19, success
2022-06-26 21:40, success
2022-06-26 22:21, success
2022-06-26 22:40, success
2022-06-26 23:21, success
2022-06-26 23:40, success
2022-06-27 02:16, success
2022-06-27 03:59, success
2022-06-27 04:59, success
2022-06-27 05:34, success
2022-06-27 06:32, success
2022-06-27 07:21, success
2022-06-27 07:39, success
2022-06-27 08:31, success
2022-06-27 09:23, success
2022-06-27 09:43, success
2022-06-27 10:28, success
2022-06-27 10:46, success
2022-06-27 11:20, success
2022-06-27 11:39, success
2022-06-27 12:49, success
2022-06-27 13:48, success
2022-06-27 14:24, success
2022-06-27 14:41, success
2022-06-27 15:27, success
2022-06-27 15:49, success
2022-06-27 16:37, success
2022-06-27 17:28, success
2022-06-27 17:46, success
2022-06-27 18:32, success
2022-06-27 19:18, success
2022-06-27 19:38, success
2022-06-27 20:24, success
2022-06-27 20:42, success
2022-06-27 21:22, success
2022-06-27 21:42, success
2022-06-27 22:22, success
2022-06-27 22:42, success
2022-06-27 23:22, success
2022-06-27 23:42, success
2022-06-28 02:14, success
2022-06-28 03:52, success
2022-06-28 04:49, success
2022-06-28 05:30, success
2022-06-28 06:30, success
2022-06-28 06:52, success
2022-06-28 07:21, success
2022-06-28 07:40, success
2022-06-28 08:33, success
2022-06-28 09:22, success
2022-06-28 09:43, success
2022-06-28 10:27, success
2022-06-28 10:45, success
2022-06-28 11:19, success
2022-06-28 11:39, success
2022-06-28 12:49, success
2022-06-28 13:43, success
2022-06-28 14:21, success
2022-06-28 14:41, success
2022-06-28 15:25, success
2022-06-28 15:47, success
2022-06-28 16:39, success
2022-06-28 17:29, success
2022-06-28 17:47, success
2022-06-28 18:33, success
2022-06-28 19:18, success
2022-06-28 19:39, success
2022-06-28 20:25, success
2022-06-28 20:44, success
2022-06-28 21:18, success
2022-06-28 21:40, success
2022-06-28 22:25, success
2022-06-28 22:44, success
2022-06-28 23:22, success
2022-06-28 23:41, success
2022-06-29 02:23, success
2022-06-29 03:55, success
2022-06-29 04:53, success
2022-06-29 05:30, success
2022-06-29 06:29, success
2022-06-29 06:51, success
2022-06-29 07:23, success
2022-06-29 07:41, success
2022-06-29 08:31, success
2022-06-29 09:25, success
2022-06-29 09:44, success
2022-06-29 10:27, success
2022-06-29 10:45, success
2022-06-29 11:20, success
2022-06-29 11:40, success
2022-06-29 12:51, success
2022-06-29 13:43, success
2022-06-29 14:25, success
2022-06-29 15:33, success
2022-06-29 16:54, success
2022-06-29 17:48, success
2022-06-29 18:33, success
2022-06-29 19:18, success
2022-06-29 19:39, success
2022-06-29 20:26, success
2022-06-29 20:45, success
2022-06-29 21:20, success
2022-06-29 21:42, success
2022-06-29 22:22, success
2022-06-29 22:42, success
2022-06-29 23:25, success
2022-06-29 23:41, success
2022-06-30 02:21, success
2022-06-30 03:50, success
2022-06-30 04:46, success
2022-06-30 05:28, success
2022-06-30 05:45, success
2022-06-30 06:30, success
2022-06-30 07:20, success
2022-06-30 07:39, success
2022-06-30 08:32, success
2022-06-30 09:22, success
2022-06-30 09:43, success
2022-06-30 10:31, success
2022-06-30 11:19, success
2022-06-30 11:39, success
2022-06-30 12:50, success
2022-06-30 13:42, success
2022-06-30 14:20, success
2022-06-30 14:41, success
2022-06-30 15:27, success
2022-06-30 15:48, success
2022-06-30 16:39, success
2022-06-30 17:31, success
2022-06-30 18:32, success
2022-06-30 19:18, success
2022-06-30 19:38, success
2022-06-30 20:25, success
2022-06-30 20:43, success
2022-06-30 21:22, success
2022-06-30 21:42, success
2022-06-30 22:22, success
2022-06-30 22:42, success
2022-06-30 23:22, success
2022-06-30 23:42, success
2022-07-01 02:32, success
2022-07-01 04:17, success
2022-07-01 05:17, success
2022-07-01 05:50, success
2022-07-01 06:30, success
2022-07-01 07:22, success
2022-07-01 07:40, success
2022-07-01 08:30, success
2022-07-01 09:23, success
2022-07-01 09:43, success
2022-07-01 10:26, success
2022-07-01 10:44, success
2022-07-01 11:19, success
2022-07-01 11:39, success
2022-07-01 12:50, success
2022-07-01 13:43, success
2022-07-01 14:22, success
2022-07-01 14:41, success
2022-07-01 15:26, success
2022-07-01 15:47, success
2022-07-01 16:38, success
2022-07-01 17:26, success
2022-07-01 17:44, success
2022-07-01 18:31, success
2022-07-01 19:18, success
2022-07-01 19:38, success
2022-07-01 20:25, success
2022-07-01 20:43, success
2022-07-01 21:20, success
2022-07-01 21:40, success
2022-07-01 22:22, success
2022-07-01 22:41, success
2022-07-01 23:22, success
2022-07-01 23:41, success
2022-07-02 02:19, success
2022-07-02 03:53, success
2022-07-02 04:42, success
2022-07-02 05:23, success
2022-07-02 05:40, success
2022-07-02 06:27, success
2022-07-02 06:48, success
2022-07-02 07:20, success
2022-07-02 07:39, success
2022-07-02 08:27, success
2022-07-02 08:46, success
2022-07-02 09:20, success
2022-07-02 09:40, success
2022-07-02 10:24, success
2022-07-02 10:42, success
2022-07-02 11:18, success
2022-07-02 11:38, success
2022-07-02 12:39, success
2022-07-02 13:28, success
2022-07-02 13:44, success
2022-07-02 14:19, success
2022-07-02 14:39, success
2022-07-02 15:23, success
2022-07-02 15:44, success
2022-07-02 16:31, success
2022-07-02 17:21, success
2022-07-02 17:40, success
2022-07-02 18:26, success
2022-07-02 18:46, success
2022-07-02 19:17, success
2022-07-02 19:39, success
2022-07-02 20:23, success
2022-07-02 20:41, success
2022-07-02 21:19, success
2022-07-02 21:40, success
2022-07-02 22:21, success
2022-07-02 22:41, success
2022-07-02 23:21, success
2022-07-02 23:40, success
2022-07-03 02:24, success
2022-07-03 03:43, success
2022-07-03 04:34, success
2022-07-03 05:20, success
2022-07-03 05:39, success
2022-07-03 06:27, success
2022-07-03 06:48, success
2022-07-03 07:20, success
2022-07-03 07:39, success
2022-07-03 08:26, success
2022-07-03 08:44, success
2022-07-03 09:21, success
2022-07-03 09:41, success
2022-07-03 10:25, success
2022-07-03 10:42, success
2022-07-03 11:19, success
2022-07-03 11:38, success
2022-07-03 12:39, success
2022-07-03 13:29, success
2022-07-03 13:44, success
2022-07-03 14:19, success
2022-07-03 14:39, success
2022-07-03 15:23, success
2022-07-03 15:43, success
2022-07-03 16:31, success
2022-07-03 17:21, success
2022-07-03 17:40, success
2022-07-03 18:26, success
2022-07-03 18:46, success
2022-07-03 19:17, success
2022-07-03 19:39, success
2022-07-03 20:22, success
2022-07-03 20:41, success
2022-07-03 21:19, success
2022-07-03 21:40, success
2022-07-03 22:21, success
2022-07-03 22:40, success
2022-07-03 23:22, success
2022-07-03 23:41, success
2022-07-04 02:28, success
2022-07-04 03:59, success
2022-07-04 04:55, success
2022-07-04 05:33, success
2022-07-04 06:34, success
2022-07-04 07:21, success
2022-07-04 07:40, success
2022-07-04 08:31, success
2022-07-04 09:24, success
2022-07-04 09:44, success
2022-07-04 10:28, success
2022-07-04 10:48, success
2022-07-04 11:19, success
2022-07-04 11:39, success
2022-07-04 12:49, success
2022-07-04 13:42, success
2022-07-04 14:20, success
2022-07-04 14:40, success
2022-07-04 15:31, success
2022-07-04 15:46, success
2022-07-04 16:34, success
2022-07-04 17:25, success
2022-07-04 17:44, success
2022-07-04 18:29, success
2022-07-04 18:50, success
2022-07-04 19:19, success
2022-07-04 19:38, success
2022-07-04 20:23, success
2022-07-04 20:42, success
2022-07-04 21:19, success
2022-07-04 21:40, success
2022-07-04 22:22, success
2022-07-04 22:41, success
2022-07-04 23:22, success
2022-07-04 23:41, success
2022-07-05 02:22, success
2022-07-05 03:51, success
2022-07-05 04:42, success
2022-07-05 05:25, success
