2022-09-06 09:25, success
2022-09-06 09:45, success
2022-09-06 10:28, success
2022-09-06 10:48, success
2022-09-06 11:21, success
2022-09-06 11:42, success
2022-09-06 12:52, success
2022-09-06 13:49, success
2022-09-06 14:26, success
2022-09-06 14:44, success
2022-09-06 15:26, success
2022-09-06 15:48, success
2022-09-06 16:37, success
2022-09-06 17:29, success
2022-09-06 17:49, success
2022-09-06 18:31, success
2022-09-06 19:19, success
2022-09-06 19:39, success
2022-09-06 20:26, success
2022-09-06 20:45, success
2022-09-06 21:22, success
2022-09-06 21:43, success
2022-09-06 22:25, success
2022-09-06 22:45, success
2022-09-06 23:27, success
2022-09-06 23:50, success
2022-09-07 02:46, success
2022-09-07 05:01, success
2022-09-07 06:43, success
2022-09-07 07:45, success
2022-09-07 08:33, success
2022-09-07 09:25, success
2022-09-07 09:46, success
2022-09-07 10:29, success
2022-09-07 10:49, success
2022-09-07 11:22, success
2022-09-07 11:42, success
2022-09-07 12:54, success
2022-09-07 13:57, success
2022-09-07 14:32, success
2022-09-07 15:28, success
2022-09-07 15:51, success
2022-09-07 16:36, success
2022-09-07 17:36, success
2022-09-07 18:32, success
2022-09-07 19:21, success
2022-09-07 19:42, success
2022-09-07 20:30, success
2022-09-07 20:51, success
2022-09-07 21:23, success
2022-09-07 21:45, success
2022-09-07 22:25, success
2022-09-07 22:45, success
2022-09-07 23:30, success
2022-09-08 02:44, success
2022-09-08 04:43, success
2022-09-08 06:05, success
2022-09-08 07:08, success
2022-09-08 07:51, success
2022-09-08 08:31, success
2022-09-08 09:26, success
2022-09-08 09:48, success
2022-09-08 10:29, success
2022-09-08 10:50, success
2022-09-08 11:23, success
2022-09-08 11:43, success
2022-09-08 12:50, success
2022-09-08 13:38, success
2022-09-08 14:24, success
2022-09-08 14:41, success
2022-09-08 15:28, success
2022-09-08 15:52, success
2022-09-08 16:39, success
2022-09-08 17:34, success
2022-09-08 18:30, success
2022-09-08 19:22, success
2022-09-08 19:41, success
2022-09-08 20:29, success
2022-09-08 20:50, success
2022-09-08 21:23, success
2022-09-08 21:45, success
2022-09-08 22:26, success
2022-09-08 22:46, success
2022-09-08 23:28, success
2022-09-08 23:52, success
2022-09-09 02:45, success
2022-09-09 04:37, success
2022-09-09 05:58, success
2022-09-09 06:47, success
2022-09-09 07:30, success
2022-09-09 07:48, success
2022-09-09 08:35, success
2022-09-09 09:27, success
2022-09-09 09:48, success
2022-09-09 10:29, success
2022-09-09 10:51, success
2022-09-09 11:23, success
2022-09-09 11:43, success
2022-09-09 12:54, success
2022-09-09 13:53, success
2022-09-09 14:29, success
2022-09-09 14:48, success
2022-09-09 15:28, success
2022-09-09 15:51, success
2022-09-09 16:37, success
2022-09-09 17:30, success
2022-09-09 18:32, success
2022-09-09 19:22, success
2022-09-09 19:41, success
2022-09-09 20:28, success
2022-09-09 20:48, success
2022-09-09 21:23, success
2022-09-09 21:45, success
2022-09-09 22:26, success
2022-09-09 22:47, success
2022-09-09 23:28, success
2022-09-09 23:53, success
2022-09-10 02:47, success
2022-09-10 04:44, success
2022-09-10 05:49, success
2022-09-10 06:34, success
2022-09-10 07:24, success
2022-09-10 07:42, success
2022-09-10 08:32, success
2022-09-10 09:25, success
2022-09-10 09:45, success
2022-09-10 10:27, success
2022-09-10 10:48, success
2022-09-10 11:21, success
2022-09-10 11:41, success
2022-09-10 12:46, success
2022-09-10 13:37, success
2022-09-10 14:23, success
2022-09-10 14:43, success
2022-09-10 15:26, success
2022-09-10 15:48, success
2022-09-10 16:34, success
2022-09-10 17:27, success
2022-09-10 17:47, success
2022-09-10 18:31, success
2022-09-10 19:20, success
2022-09-10 19:40, success
2022-09-10 20:26, success
2022-09-10 20:46, success
2022-09-10 21:22, success
2022-09-10 21:44, success
2022-09-10 22:24, success
2022-09-10 22:45, success
2022-09-10 23:26, success
2022-09-10 23:49, success
2022-09-11 02:47, success
2022-09-11 04:32, success
2022-09-11 05:42, success
2022-09-11 06:32, success
2022-09-11 07:23, success
2022-09-11 07:42, success
2022-09-11 08:30, success
2022-09-11 09:24, success
2022-09-11 09:45, success
2022-09-11 10:27, success
2022-09-11 10:47, success
2022-09-11 11:21, success
2022-09-11 11:41, success
2022-09-11 12:47, success
2022-09-11 13:38, success
2022-09-11 14:23, success
2022-09-11 14:43, success
2022-09-11 15:26, success
2022-09-11 15:48, success
2022-09-11 16:35, success
2022-09-11 17:27, success
2022-09-11 17:47, success
2022-09-11 18:31, success
2022-09-11 19:20, success
2022-09-11 19:40, success
2022-09-11 20:27, success
2022-09-11 20:49, success
2022-09-11 21:23, success
2022-09-11 21:44, success
2022-09-11 22:26, success
2022-09-11 22:46, success
2022-09-11 23:26, success
2022-09-11 23:50, success
2022-09-12 02:51, success
2022-09-12 05:00, success
2022-09-12 06:41, success
2022-09-12 07:43, success
2022-09-12 08:35, success
2022-09-12 09:29, success
2022-09-12 09:51, success
2022-09-12 10:30, success
2022-09-12 10:51, success
2022-09-12 11:23, success
2022-09-12 11:43, success
2022-09-12 12:56, success
2022-09-12 13:53, success
2022-09-12 14:31, success
2022-09-12 15:31, success
2022-09-12 16:40, success
2022-09-12 17:33, success
2022-09-12 18:33, success
2022-09-12 19:22, success
2022-09-12 19:41, success
2022-09-12 20:28, success
2022-09-12 20:48, success
2022-09-12 21:24, success
2022-09-12 21:45, success
2022-09-12 22:26, success
2022-09-12 22:47, success
2022-09-12 23:29, success
2022-09-12 23:53, success
2022-09-13 02:47, success
2022-09-13 04:55, success
2022-09-13 06:17, success
2022-09-13 07:20, success
2022-09-13 07:55, success
2022-09-13 08:33, success
2022-09-13 09:28, success
2022-09-13 09:49, success
2022-09-13 10:29, success
2022-09-13 10:51, success
2022-09-13 11:23, success
2022-09-13 11:43, success
2022-09-13 12:55, success
2022-09-13 13:55, success
2022-09-13 14:30, success
2022-09-13 15:28, success
2022-09-13 15:52, success
2022-09-13 16:37, success
2022-09-13 17:33, success
2022-09-13 18:32, success
2022-09-13 19:21, success
2022-09-13 19:41, success
2022-09-13 20:27, success
2022-09-13 20:47, success
2022-09-13 21:23, success
2022-09-13 21:45, success
2022-09-13 22:27, success
2022-09-13 22:48, success
2022-09-13 23:28, success
2022-09-13 23:53, success
2022-09-14 02:44, success
2022-09-14 04:49, success
2022-09-14 06:12, success
2022-09-14 07:11, success
2022-09-14 07:52, success
2022-09-14 08:33, success
2022-09-14 09:28, success
2022-09-14 09:49, success
2022-09-14 10:29, success
2022-09-14 10:50, success
2022-09-14 11:23, success
2022-09-14 11:43, success
2022-09-14 12:54, success
2022-09-14 13:56, success
2022-09-14 14:32, success
2022-09-14 15:28, success
2022-09-14 15:52, success
2022-09-14 16:40, success
2022-09-14 17:33, success
2022-09-14 18:32, success
2022-09-14 19:22, success
2022-09-14 19:42, success
2022-09-14 20:29, success
2022-09-14 20:50, success
2022-09-14 21:22, success
2022-09-14 21:45, success
2022-09-14 22:27, success
2022-09-14 22:47, success
2022-09-14 23:27, success
2022-09-14 23:50, success
2022-09-15 02:54, success
2022-09-15 04:54, success
2022-09-15 06:06, success
2022-09-15 07:08, success
2022-09-15 07:50, success
2022-09-15 08:36, success
2022-09-15 09:27, success
2022-09-15 09:48, success
2022-09-15 10:29, success
2022-09-15 10:51, success
2022-09-15 11:23, success
2022-09-15 11:43, success
2022-09-15 12:58, success
2022-09-15 13:57, success
2022-09-15 14:32, success
2022-09-15 15:28, success
2022-09-15 15:52, success
2022-09-15 16:37, success
2022-09-15 17:30, success
2022-09-15 18:33, success
2022-09-15 19:21, success
2022-09-15 19:41, success
2022-09-15 20:29, success
2022-09-15 20:51, success
2022-09-15 21:24, success
2022-09-15 21:46, success
2022-09-15 22:26, success
2022-09-15 22:47, success
2022-09-15 23:30, success
2022-09-15 23:54, success
2022-09-16 02:52, success
2022-09-16 04:57, success
2022-09-16 06:12, success
2022-09-16 07:07, success
2022-09-16 07:49, success
2022-09-16 08:32, success
2022-09-16 09:28, success
2022-09-16 09:49, success
2022-09-16 10:29, success
2022-09-16 10:53, success
2022-09-16 11:23, success
2022-09-16 11:43, success
2022-09-16 12:51, success
2022-09-16 13:55, success
2022-09-16 14:33, success
2022-09-16 15:28, success
2022-09-16 15:50, success
2022-09-16 16:38, success
2022-09-16 17:39, success
2022-09-16 18:32, success
2022-09-16 19:23, success
2022-09-16 19:42, success
2022-09-16 20:28, success
2022-09-16 20:48, success
2022-09-16 21:23, success
2022-09-16 21:45, success
2022-09-16 22:28, success
2022-09-16 22:49, success
2022-09-16 23:28, success
2022-09-16 23:52, success
2022-09-17 02:40, success
2022-09-17 04:22, success
2022-09-17 05:24, success
2022-09-17 05:55, success
2022-09-17 06:33, success
2022-09-17 07:24, success
2022-09-17 07:42, success
2022-09-17 08:32, success
2022-09-17 09:25, success
2022-09-17 09:45, success
2022-09-17 10:28, success
2022-09-17 10:48, success
2022-09-17 11:21, success
2022-09-17 11:41, success
2022-09-17 12:47, success
2022-09-17 13:38, success
2022-09-17 14:23, success
2022-09-17 14:44, success
2022-09-17 15:26, success
2022-09-17 15:48, success
2022-09-17 16:36, success
2022-09-17 17:28, success
2022-09-17 17:48, success
2022-09-17 18:31, success
2022-09-17 19:20, success
2022-09-17 19:40, success
2022-09-17 20:27, success
2022-09-17 20:47, success
2022-09-17 21:23, success
2022-09-17 21:44, success
2022-09-17 22:25, success
2022-09-17 22:45, success
2022-09-17 23:26, success
2022-09-17 23:49, success
2022-09-18 03:05, success
2022-09-18 04:49, success
2022-09-18 05:47, success
2022-09-18 06:32, success
2022-09-18 07:24, success
2022-09-18 07:43, success
2022-09-18 08:30, success
2022-09-18 09:25, success
2022-09-18 09:46, success
2022-09-18 10:28, success
2022-09-18 10:48, success
2022-09-18 11:21, success
2022-09-18 11:41, success
2022-09-18 12:48, success
2022-09-18 13:40, success
2022-09-18 14:23, success
2022-09-18 14:43, success
2022-09-18 15:27, success
2022-09-18 15:49, success
2022-09-18 16:36, success
2022-09-18 17:28, success
2022-09-18 17:48, success
2022-09-18 18:31, success
2022-09-18 19:21, success
2022-09-18 19:40, success
2022-09-18 20:27, success
2022-09-18 20:47, success
2022-09-18 21:23, success
2022-09-18 21:44, success
2022-09-18 22:25, success
2022-09-18 22:46, success
2022-09-18 23:27, success
2022-09-18 23:50, success
2022-09-19 02:51, success
2022-09-19 04:59, success
2022-09-19 06:22, success
2022-09-19 07:23, success
2022-09-19 07:59, success
2022-09-19 08:42, success
2022-09-19 09:29, success
2022-09-19 09:51, success
2022-09-19 10:31, success
2022-09-19 11:23, success
2022-09-19 11:43, success
2022-09-19 12:56, success
2022-09-19 13:58, success
2022-09-19 14:33, success
2022-09-19 15:29, success
2022-09-19 15:53, success
2022-09-19 16:39, success
2022-09-19 17:40, success
2022-09-19 18:35, success
2022-09-19 19:23, success
2022-09-19 19:42, success
2022-09-19 20:29, success
2022-09-19 20:50, success
2022-09-19 21:25, success
2022-09-19 21:46, success
2022-09-19 22:26, success
2022-09-19 22:46, success
2022-09-19 23:32, success
2022-09-20 02:41, success
2022-09-20 04:53, success
2022-09-20 06:12, success
2022-09-20 07:05, success
2022-09-20 07:49, success
2022-09-20 08:38, success
2022-09-20 09:29, success
2022-09-20 09:52, success
2022-09-20 10:30, success
2022-09-20 11:23, success
2022-09-20 11:44, success
2022-09-20 12:54, success
2022-09-20 13:57, success
2022-09-20 14:36, success
2022-09-20 15:28, success
2022-09-20 15:53, success
2022-09-20 16:38, success
2022-09-20 17:32, success
2022-09-20 18:33, success
2022-09-20 19:23, success
2022-09-20 19:42, success
2022-09-20 20:28, success
2022-09-20 20:49, success
2022-09-20 21:25, success
2022-09-20 21:46, success
2022-09-20 22:31, success
2022-09-20 23:30, success
2022-09-21 02:53, success
2022-09-21 04:57, success
2022-09-21 06:17, success
2022-09-21 07:25, success
2022-09-21 07:59, success
2022-09-21 08:41, success
2022-09-21 09:28, success
2022-09-21 09:51, success
2022-09-21 10:30, success
2022-09-21 10:51, success
2022-09-21 11:23, success
2022-09-21 11:43, success
2022-09-21 12:57, success
2022-09-21 14:00, success
2022-09-21 14:50, success
2022-09-21 15:28, success
2022-09-21 15:52, success
2022-09-21 16:41, success
2022-09-21 17:36, success
2022-09-21 18:35, success
2022-09-21 19:24, success
2022-09-21 19:42, success
2022-09-21 20:28, success
2022-09-21 20:49, success
2022-09-21 21:24, success
2022-09-21 21:45, success
2022-09-21 22:28, success
2022-09-21 22:50, success
2022-09-21 23:29, success
2022-09-21 23:54, success
2022-09-22 02:40, success
2022-09-22 04:49, success
2022-09-22 06:08, success
2022-09-22 07:10, success
2022-09-22 07:55, success
2022-09-22 08:35, success
2022-09-22 09:30, success
2022-09-22 09:52, success
2022-09-22 10:29, success
2022-09-22 10:51, success
2022-09-22 11:23, success
2022-09-22 11:43, success
2022-09-22 12:54, success
2022-09-22 13:54, success
2022-09-22 14:32, success
2022-09-22 15:29, success
2022-09-22 15:53, success
2022-09-22 16:39, success
2022-09-22 17:35, success
2022-09-22 18:32, success
2022-09-22 19:22, success
2022-09-22 19:42, success
2022-09-22 20:28, success
2022-09-22 20:49, success
2022-09-22 21:25, success
2022-09-22 21:46, success
2022-09-22 22:28, success
2022-09-22 22:49, success
2022-09-22 23:29, success
2022-09-22 23:52, success
2022-09-23 02:47, success
2022-09-23 04:54, success
2022-09-23 06:05, success
2022-09-23 07:10, success
2022-09-23 07:55, success
2022-09-23 08:34, success
2022-09-23 09:29, success
2022-09-23 09:50, success
2022-09-23 10:30, success
2022-09-23 11:23, success
2022-09-23 11:44, success
2022-09-23 12:52, success
2022-09-23 13:56, success
2022-09-23 14:38, success
2022-09-23 15:30, success
2022-09-23 15:54, success
2022-09-23 16:40, success
2022-09-23 17:37, success
2022-09-23 18:35, success
2022-09-23 19:23, success
2022-09-23 19:42, success
2022-09-23 20:28, success
2022-09-23 20:49, success
2022-09-23 21:24, success
2022-09-23 21:46, success
2022-09-23 22:30, success
2022-09-23 23:29, success
2022-09-23 23:54, success
2022-09-24 02:50, success
2022-09-24 04:45, success
2022-09-24 05:48, success
2022-09-24 06:36, success
2022-09-24 07:25, success
2022-09-24 07:43, success
2022-09-24 08:32, success
2022-09-24 09:26, success
2022-09-24 09:47, success
2022-09-24 10:28, success
2022-09-24 10:48, success
2022-09-24 11:22, success
2022-09-24 11:42, success
2022-09-24 12:49, success
2022-09-24 13:40, success
2022-09-24 14:23, success
2022-09-24 14:43, success
2022-09-24 15:26, success
2022-09-24 15:48, success
2022-09-24 16:35, success
2022-09-24 17:27, success
2022-09-24 17:47, success
2022-09-24 18:32, success
2022-09-24 19:20, success
2022-09-24 19:40, success
2022-09-24 20:27, success
2022-09-24 20:47, success
2022-09-24 21:23, success
2022-09-24 21:45, success
2022-09-24 22:25, success
2022-09-24 22:46, success
2022-09-24 23:27, success
2022-09-24 23:51, success
2022-09-25 02:47, success
2022-09-25 04:35, success
2022-09-25 05:43, success
2022-09-25 06:34, success
2022-09-25 07:25, success
2022-09-25 07:43, success
2022-09-25 08:31, success
2022-09-25 09:26, success
2022-09-25 09:47, success
2022-09-25 10:29, success
2022-09-25 10:49, success
2022-09-25 11:22, success
2022-09-25 11:43, success
2022-09-25 12:49, success
2022-09-25 13:39, success
2022-09-25 14:23, success
2022-09-25 14:44, success
2022-09-25 15:27, success
2022-09-25 15:49, success
2022-09-25 16:35, success
2022-09-25 17:27, success
2022-09-25 17:48, success
2022-09-25 18:32, success
2022-09-25 19:21, success
2022-09-25 19:41, success
2022-09-25 20:27, success
2022-09-25 20:47, success
2022-09-25 21:23, success
2022-09-25 21:45, success
2022-09-25 22:25, success
2022-09-25 22:46, success
2022-09-25 23:28, success
2022-09-25 23:52, success
2022-09-26 02:50, success
2022-09-26 05:01, success
2022-09-26 06:35, success
2022-09-26 07:40, success
2022-09-26 08:36, success
2022-09-26 09:30, success
2022-09-26 09:51, success
2022-09-26 10:30, success
2022-09-26 11:23, success
2022-09-26 11:44, success
2022-09-26 12:57, success
2022-09-26 14:00, success
2022-09-26 14:53, success
2022-09-26 15:30, success
2022-09-26 16:39, success
2022-09-26 17:38, success
2022-09-26 18:35, success
2022-09-26 19:23, success
2022-09-26 19:42, success
2022-09-26 20:28, success
2022-09-26 20:49, success
2022-09-26 21:27, success
2022-09-26 21:49, success
2022-09-26 22:28, success
2022-09-26 22:50, success
2022-09-26 23:33, success
2022-09-27 02:39, success
2022-09-27 04:45, success
2022-09-27 06:06, success
2022-09-27 07:22, success
2022-09-27 08:03, success
2022-09-27 09:03, success
2022-09-27 09:55, success
2022-09-27 10:32, success
2022-09-27 11:24, success
2022-09-27 11:45, success
2022-09-27 12:58, success
2022-09-27 14:03, success
2022-09-27 14:55, success
2022-09-27 15:32, success
2022-09-27 16:44, success
2022-09-27 17:41, success
2022-09-27 18:39, success
2022-09-27 19:28, success
2022-09-27 19:46, success
2022-09-27 20:30, success
2022-09-27 21:25, success
2022-09-27 21:47, success
2022-09-27 22:29, success
2022-09-27 22:52, success
2022-09-27 23:33, success
2022-09-28 02:42, success
2022-09-28 04:55, success
2022-09-28 06:13, success
2022-09-28 07:09, success
2022-09-28 07:56, success
2022-09-28 08:39, success
2022-09-28 09:32, success
2022-09-28 10:32, success
2022-09-28 11:24, success
2022-09-28 11:45, success
2022-09-28 12:55, success
2022-09-28 13:59, success
2022-09-28 14:44, success
2022-09-28 15:33, success
2022-09-28 16:47, success
2022-09-28 17:44, success
2022-09-28 18:38, success
2022-09-28 19:26, success
2022-09-28 19:45, success
2022-09-28 20:30, success
2022-09-28 20:52, success
2022-09-28 21:25, success
2022-09-28 21:47, success
2022-09-28 22:29, success
2022-09-28 22:51, success
2022-09-28 23:31, success
2022-09-29 02:48, success
2022-09-29 04:55, success
2022-09-29 06:15, success
2022-09-29 07:18, success
2022-09-29 07:57, success
2022-09-29 08:39, success
2022-09-29 09:32, success
2022-09-29 10:31, success
2022-09-29 11:24, success
2022-09-29 11:45, success
2022-09-29 12:56, success
2022-09-29 13:58, success
2022-09-29 14:36, success
2022-09-29 15:31, success
2022-09-29 16:43, success
2022-09-29 17:41, success
2022-09-29 18:36, success
2022-09-29 19:26, success
2022-09-29 19:44, success
2022-09-29 20:31, success
2022-09-29 21:26, success
2022-09-29 21:50, success
2022-09-29 22:29, success
2022-09-29 22:51, success
2022-09-29 23:36, success
2022-09-30 03:11, success
2022-09-30 05:09, success
2022-09-30 06:38, success
2022-09-30 07:48, success
2022-09-30 08:44, success
2022-09-30 09:35, success
2022-09-30 10:31, success
2022-09-30 11:24, success
2022-09-30 11:45, success
2022-09-30 13:01, success
2022-09-30 14:18, success
2022-09-30 14:57, success
2022-09-30 15:33, success
2022-09-30 16:44, success
2022-09-30 17:40, success
2022-09-30 18:36, success
2022-09-30 19:26, success
2022-09-30 19:45, success
2022-09-30 20:30, success
2022-09-30 21:25, success
2022-09-30 21:47, success
2022-09-30 22:30, success
2022-09-30 22:52, success
2022-09-30 23:33, success
2022-10-01 03:06, success
2022-10-01 05:03, success
2022-10-01 06:19, success
2022-10-01 07:04, success
2022-10-01 07:48, success
2022-10-01 08:35, success
2022-10-01 09:29, success
2022-10-01 09:52, success
2022-10-01 10:30, success
2022-10-01 10:52, success
2022-10-01 11:23, success
2022-10-01 11:44, success
2022-10-01 12:52, success
2022-10-01 13:48, success
2022-10-01 14:26, success
2022-10-01 14:47, success
2022-10-01 15:29, success
2022-10-01 15:53, success
2022-10-01 16:38, success
2022-10-01 17:31, success
2022-10-01 18:33, success
2022-10-01 19:23, success
2022-10-01 19:42, success
2022-10-01 20:29, success
2022-10-01 20:51, success
2022-10-01 21:24, success
2022-10-01 21:46, success
2022-10-01 22:27, success
2022-10-01 22:49, success
2022-10-01 23:31, success
2022-10-02 02:54, success
2022-10-02 04:46, success
2022-10-02 05:51, success
2022-10-02 06:39, success
2022-10-02 07:28, success
2022-10-02 07:47, success
2022-10-02 08:34, success
2022-10-02 09:29, success
2022-10-02 09:51, success
2022-10-02 10:29, success
2022-10-02 10:51, success
2022-10-02 11:23, success
2022-10-02 11:44, success
2022-10-02 12:51, success
2022-10-02 13:44, success
2022-10-02 14:26, success
2022-10-02 14:46, success
2022-10-02 15:28, success
2022-10-02 15:53, success
2022-10-02 16:37, success
2022-10-02 17:31, success
2022-10-02 18:33, success
2022-10-02 19:23, success
2022-10-02 19:42, success
2022-10-02 20:29, success
2022-10-02 20:50, success
2022-10-02 21:25, success
2022-10-02 21:46, success
2022-10-02 22:27, success
2022-10-02 22:49, success
2022-10-02 23:31, success
2022-10-03 02:19, success
2022-10-03 03:48, success
2022-10-03 05:01, success
2022-10-03 06:02, success
2022-10-03 07:06, success
2022-10-03 07:50, success
2022-10-03 08:37, success
2022-10-03 09:34, success
2022-10-03 10:32, success
2022-10-03 11:25, success
2022-10-03 11:45, success
2022-10-03 12:58, success
2022-10-03 14:05, success
2022-10-03 14:57, success
2022-10-03 15:35, success
2022-10-03 16:46, success
2022-10-03 17:47, success
2022-10-03 18:39, success
2022-10-03 19:26, success
2022-10-03 19:45, success
2022-10-03 20:31, success
2022-10-03 21:26, success
2022-10-03 21:48, success
2022-10-03 22:29, success
2022-10-03 22:53, success
2022-10-03 23:34, success
2022-10-04 02:27, success
2022-10-04 03:58, success
2022-10-04 05:10, success
2022-10-04 06:04, success
2022-10-04 07:05, success
2022-10-04 07:53, success
2022-10-04 08:37, success
2022-10-04 09:31, success
2022-10-04 10:31, success
2022-10-04 11:24, success
2022-10-04 11:45, success
2022-10-04 13:01, success
2022-10-04 14:21, success
2022-10-04 15:00, success
2022-10-04 15:37, success
2022-10-04 16:44, success
2022-10-04 17:46, success
2022-10-04 18:41, success
2022-10-04 19:27, success
2022-10-04 19:46, success
2022-10-04 20:33, success
2022-10-04 21:25, success
2022-10-04 21:48, success
2022-10-04 22:29, success
2022-10-04 22:52, success
2022-10-04 23:33, success
2022-10-05 02:27, success
2022-10-05 03:50, success
2022-10-05 05:01, success
2022-10-05 06:07, success
2022-10-05 07:09, success
2022-10-05 07:53, success
2022-10-05 08:35, success
2022-10-05 09:31, success
2022-10-05 10:32, success
2022-10-05 11:25, success
2022-10-05 11:45, success
2022-10-05 13:03, success
2022-10-05 14:36, success
2022-10-05 15:27, success
2022-10-05 15:56, success
2022-10-05 17:00, success
2022-10-05 17:52, success
2022-10-05 18:43, success
2022-10-05 19:33, success
2022-10-05 20:30, success
2022-10-05 21:25, success
2022-10-05 21:48, success
2022-10-05 22:30, success
2022-10-05 23:33, success
2022-10-06 02:25, success
2022-10-06 03:49, success
2022-10-06 04:52, success
2022-10-06 05:46, success
2022-10-06 06:38, success
2022-10-06 07:31, success
2022-10-06 08:36, success
2022-10-06 09:33, success
2022-10-06 10:32, success
2022-10-06 11:25, success
2022-10-06 11:45, success
2022-10-06 12:59, success
2022-10-06 14:03, success
2022-10-06 14:56, success
2022-10-06 15:33, success
2022-10-06 16:44, success
2022-10-06 17:38, success
2022-10-06 18:38, success
2022-10-06 19:30, success
2022-10-06 20:30, success
2022-10-06 21:26, success
2022-10-06 21:48, success
2022-10-06 22:29, success
2022-10-06 22:52, success
2022-10-06 23:35, success
2022-10-07 02:36, success
2022-10-07 04:12, success
2022-10-07 05:18, success
2022-10-07 05:57, success
2022-10-07 06:46, success
2022-10-07 07:34, success
2022-10-07 08:36, success
2022-10-07 09:31, success
2022-10-07 10:33, success
2022-10-07 11:27, success
2022-10-07 11:47, success
2022-10-07 13:00, success
2022-10-07 14:03, success
2022-10-07 14:56, success
2022-10-07 15:32, success
2022-10-07 16:45, success
2022-10-07 17:44, success
2022-10-07 18:38, success
2022-10-07 19:26, success
2022-10-07 19:45, success
2022-10-07 20:30, success
2022-10-07 21:25, success
2022-10-07 21:48, success
2022-10-07 22:29, success
2022-10-07 22:52, success
2022-10-07 23:33, success
2022-10-08 02:20, success
2022-10-08 03:47, success
2022-10-08 04:50, success
2022-10-08 05:36, success
2022-10-08 06:36, success
2022-10-08 07:27, success
2022-10-08 07:47, success
2022-10-08 08:35, success
2022-10-08 09:28, success
2022-10-08 09:50, success
2022-10-08 10:30, success
2022-10-08 10:53, success
2022-10-08 11:23, success
2022-10-08 11:43, success
2022-10-08 12:51, success
2022-10-08 13:48, success
2022-10-08 14:29, success
2022-10-08 14:50, success
2022-10-08 15:28, success
2022-10-08 15:52, success
2022-10-08 16:38, success
2022-10-08 17:32, success
2022-10-08 18:33, success
2022-10-08 19:23, success
2022-10-08 19:42, success
2022-10-08 20:29, success
2022-10-08 20:51, success
2022-10-08 21:25, success
2022-10-08 21:47, success
2022-10-08 22:27, success
2022-10-08 22:49, success
2022-10-08 23:31, success
2022-10-09 02:43, success
2022-10-09 04:26, success
2022-10-09 05:25, success
2022-10-09 05:59, success
2022-10-09 06:39, success
2022-10-09 07:27, success
2022-10-09 07:47, success
2022-10-09 08:34, success
2022-10-09 09:28, success
2022-10-09 09:51, success
2022-10-09 10:30, success
2022-10-09 11:23, success
2022-10-09 11:43, success
2022-10-09 12:51, success
2022-10-09 13:45, success
2022-10-09 14:26, success
2022-10-09 14:47, success
2022-10-09 15:30, success
2022-10-09 16:38, success
2022-10-09 17:32, success
2022-10-09 18:33, success
2022-10-09 19:23, success
2022-10-09 19:42, success
2022-10-09 20:29, success
2022-10-09 20:51, success
2022-10-09 21:25, success
2022-10-09 21:47, success
2022-10-09 22:28, success
2022-10-09 22:50, success
2022-10-09 23:32, success
2022-10-10 02:42, success
2022-10-10 04:51, success
2022-10-10 06:07, success
2022-10-10 07:18, success
2022-10-10 08:00, success
2022-10-10 08:45, success
2022-10-10 09:33, success
2022-10-10 10:31, success
2022-10-10 11:25, success
2022-10-10 11:45, success
2022-10-10 13:02, success
2022-10-10 14:23, success
2022-10-10 15:00, success
2022-10-10 15:54, success
2022-10-10 16:43, success
2022-10-10 17:43, success
2022-10-10 18:41, success
2022-10-10 19:31, success
2022-10-10 20:31, success
2022-10-10 21:25, success
2022-10-10 21:48, success
2022-10-10 22:30, success
2022-10-10 22:53, success
2022-10-10 23:34, success
2022-10-11 02:38, success
2022-10-11 04:48, success
2022-10-11 06:06, success
2022-10-11 07:18, success
2022-10-11 08:02, success
2022-10-11 08:58, success
2022-10-11 09:34, success
2022-10-11 10:32, success
2022-10-11 11:25, success
2022-10-11 11:45, success
2022-10-11 13:00, success
2022-10-11 14:17, success
2022-10-11 14:54, success
2022-10-11 15:32, success
2022-10-11 16:42, success
2022-10-11 17:36, success
2022-10-11 18:37, success
2022-10-11 19:26, success
2022-10-11 19:46, success
2022-10-11 20:32, success
2022-10-11 21:28, success
2022-10-11 21:51, success
2022-10-11 22:30, success
2022-10-11 22:55, success
2022-10-11 23:35, success
2022-10-12 02:48, success
2022-10-12 04:37, success
2022-10-12 05:51, success
2022-10-12 06:42, success
2022-10-12 07:34, success
2022-10-12 08:35, success
2022-10-12 09:32, success
2022-10-12 10:33, success
2022-10-12 11:26, success
2022-10-12 11:47, success
2022-10-12 12:57, success
2022-10-12 14:04, success
2022-10-12 14:58, success
2022-10-12 15:37, success
2022-10-12 16:51, success
2022-10-12 17:47, success
2022-10-12 18:39, success
2022-10-12 19:29, success
2022-10-12 19:48, success
2022-10-12 20:32, success
2022-10-12 21:26, success
2022-10-12 21:49, success
2022-10-12 22:29, success
2022-10-12 22:52, success
2022-10-12 23:33, success
2022-10-13 02:42, success
2022-10-13 04:53, success
2022-10-13 06:05, success
2022-10-13 07:17, success
2022-10-13 07:54, success
2022-10-13 08:36, success
2022-10-13 09:31, success
2022-10-13 10:31, success
2022-10-13 11:25, success
2022-10-13 11:45, success
2022-10-13 13:04, success
2022-10-13 14:06, success
2022-10-13 14:52, success
2022-10-13 15:31, success
2022-10-13 16:44, success
2022-10-13 17:45, success
2022-10-13 18:38, success
2022-10-13 19:29, success
2022-10-13 19:47, success
2022-10-13 20:31, success
2022-10-13 21:27, success
2022-10-13 21:49, success
2022-10-13 22:30, success
2022-10-13 23:35, success
2022-10-14 02:54, success
2022-10-14 04:57, success
2022-10-14 06:15, success
2022-10-14 07:11, success
2022-10-14 07:57, success
2022-10-14 08:38, success
2022-10-14 09:31, success
2022-10-14 10:31, success
2022-10-14 11:25, success
2022-10-14 11:46, success
2022-10-14 13:00, success
2022-10-14 14:21, success
2022-10-14 14:57, success
2022-10-14 15:35, success
2022-10-14 16:42, success
2022-10-14 17:36, success
2022-10-14 18:36, success
2022-10-14 19:25, success
2022-10-14 19:44, success
2022-10-14 20:34, success
2022-10-14 21:27, success
2022-10-14 21:49, success
2022-10-14 22:28, success
2022-10-14 22:52, success
2022-10-14 23:32, success
2022-10-15 02:48, success
2022-10-15 04:46, success
2022-10-15 05:52, success
2022-10-15 06:40, success
2022-10-15 07:30, success
2022-10-15 07:49, success
2022-10-15 08:36, success
2022-10-15 09:29, success
2022-10-15 09:52, success
2022-10-15 10:30, success
2022-10-15 11:23, success
2022-10-15 11:44, success
2022-10-15 12:52, success
2022-10-15 13:46, success
2022-10-15 14:26, success
2022-10-15 14:48, success
2022-10-15 15:29, success
2022-10-15 15:53, success
2022-10-15 16:39, success
2022-10-15 17:32, success
2022-10-15 18:33, success
2022-10-15 19:23, success
2022-10-15 19:43, success
2022-10-15 20:29, success
2022-10-15 20:51, success
2022-10-15 21:25, success
2022-10-15 21:47, success
2022-10-15 22:28, success
2022-10-15 22:51, success
2022-10-15 23:33, success
2022-10-16 02:55, success
2022-10-16 04:43, success
2022-10-16 05:51, success
2022-10-16 06:38, success
2022-10-16 07:29, success
2022-10-16 07:48, success
2022-10-16 08:34, success
2022-10-16 09:29, success
2022-10-16 09:52, success
2022-10-16 10:30, success
2022-10-16 11:23, success
2022-10-16 11:44, success
2022-10-16 12:53, success
2022-10-16 13:45, success
2022-10-16 14:26, success
2022-10-16 14:48, success
2022-10-16 15:29, success
2022-10-16 15:54, success
2022-10-16 16:39, success
2022-10-16 17:33, success
2022-10-16 18:33, success
2022-10-16 19:24, success
2022-10-16 19:43, success
2022-10-16 20:30, success
2022-10-16 21:25, success
2022-10-16 21:47, success
2022-10-16 22:28, success
2022-10-16 22:50, success
2022-10-16 23:33, success
2022-10-17 03:07, success
2022-10-17 05:13, success
2022-10-17 06:38, success
2022-10-17 07:50, success
2022-10-17 08:45, success
2022-10-17 09:40, success
2022-10-17 10:35, success
2022-10-17 11:27, success
2022-10-17 11:47, success
2022-10-17 13:03, success
2022-10-17 14:22, success
2022-10-17 14:58, success
2022-10-17 15:37, success
2022-10-17 16:50, success
2022-10-17 17:50, success
2022-10-17 18:49, success
2022-10-17 19:35, success
2022-10-17 20:31, success
2022-10-17 21:25, success
2022-10-17 21:48, success
2022-10-17 22:30, success
2022-10-17 23:34, success
2022-10-18 02:47, success
2022-10-18 04:57, success
2022-10-18 06:18, success
2022-10-18 07:21, success
2022-10-18 07:59, success
2022-10-18 08:48, success
2022-10-18 09:37, success
2022-10-18 10:34, success
2022-10-18 11:25, success
2022-10-18 11:46, success
2022-10-18 13:02, success
2022-10-18 14:19, success
2022-10-18 14:54, success
2022-10-18 15:35, success
2022-10-18 16:46, success
2022-10-18 17:44, success
2022-10-18 18:43, success
2022-10-18 19:30, success
2022-10-18 20:31, success
2022-10-18 21:27, success
2022-10-18 21:49, success
2022-10-18 22:30, success
2022-10-18 22:53, success
2022-10-18 23:35, success
2022-10-19 02:44, success
2022-10-19 04:59, success
2022-10-19 06:23, success
2022-10-19 07:26, success
2022-10-19 08:03, success
2022-10-19 09:04, success
2022-10-19 09:57, success
2022-10-19 10:38, success
2022-10-19 11:26, success
2022-10-19 11:47, success
2022-10-19 13:03, success
2022-10-19 14:19, success
2022-10-19 14:57, success
2022-10-19 15:35, success
2022-10-19 16:50, success
2022-10-19 17:51, success
2022-10-19 18:45, success
2022-10-19 19:32, success
2022-10-19 20:31, success
2022-10-19 21:27, success
2022-10-19 21:50, success
2022-10-19 22:32, success
2022-10-19 23:34, success
2022-10-20 02:46, success
2022-10-20 04:25, success
2022-10-20 05:26, success
2022-10-20 06:01, success
2022-10-20 07:07, success
2022-10-20 07:52, success
2022-10-20 08:37, success
2022-10-20 09:33, success
2022-10-20 10:33, success
2022-10-20 11:26, success
2022-10-20 11:47, success
2022-10-20 13:01, success
2022-10-20 14:21, success
2022-10-20 14:57, success
2022-10-20 15:35, success
2022-10-20 16:46, success
2022-10-20 17:49, success
2022-10-20 18:48, success
2022-10-20 19:31, success
2022-10-20 20:31, success
2022-10-20 21:27, success
2022-10-20 21:50, success
2022-10-20 22:30, success
2022-10-20 23:36, success
2022-10-21 02:16, success
2022-10-21 04:05, success
2022-10-21 05:35, success
2022-10-21 06:46, success
2022-10-21 07:35, success
2022-10-21 08:39, success
2022-10-21 09:32, success
2022-10-21 10:32, success
2022-10-21 11:26, success
2022-10-21 11:47, success
2022-10-21 12:59, success
2022-10-21 14:08, success
2022-10-21 15:01, success
2022-10-21 15:57, success
2022-10-21 16:47, success
2022-10-21 17:38, success
2022-10-21 18:39, success
2022-10-21 19:28, success
2022-10-21 19:47, success
2022-10-21 20:31, success
2022-10-21 21:26, success
2022-10-21 21:49, success
2022-10-21 22:29, success
2022-10-21 22:53, success
2022-10-21 23:34, success
2022-10-22 02:33, success
2022-10-22 04:22, success
2022-10-22 05:28, success
2022-10-22 06:02, success
2022-10-22 07:00, success
2022-10-22 07:47, success
2022-10-22 08:37, success
2022-10-22 09:30, success
2022-10-22 09:53, success
2022-10-22 10:30, success
2022-10-22 11:23, success
2022-10-22 11:44, success
2022-10-22 12:53, success
2022-10-22 13:47, success
2022-10-22 14:27, success
2022-10-22 14:49, success
2022-10-22 15:30, success
2022-10-22 15:54, success
2022-10-22 16:40, success
2022-10-22 17:33, success
2022-10-22 18:34, success
2022-10-22 19:24, success
2022-10-22 19:43, success
2022-10-22 20:30, success
2022-10-22 21:25, success
2022-10-22 21:48, success
2022-10-22 22:28, success
2022-10-22 22:51, success
2022-10-22 23:33, success
2022-10-23 02:44, success
2022-10-23 04:40, success
2022-10-23 05:49, success
2022-10-23 06:39, success
2022-10-23 07:30, success
2022-10-23 07:50, success
2022-10-23 08:35, success
2022-10-23 09:29, success
2022-10-23 09:53, success
2022-10-23 10:30, success
2022-10-23 11:24, success
2022-10-23 11:44, success
2022-10-23 12:54, success
2022-10-23 13:49, success
2022-10-23 14:28, success
2022-10-23 14:50, success
2022-10-23 15:29, success
2022-10-23 15:54, success
2022-10-23 16:40, success
2022-10-23 17:33, success
2022-10-23 18:34, success
2022-10-23 19:24, success
2022-10-23 19:43, success
2022-10-23 20:30, success
2022-10-23 21:26, success
2022-10-23 21:48, success
2022-10-23 22:28, success
2022-10-23 22:52, success
2022-10-23 23:34, success
2022-10-24 03:05, success
2022-10-24 05:14, success
2022-10-24 06:43, success
2022-10-24 07:52, success
2022-10-24 08:46, success
2022-10-24 09:39, success
2022-10-24 10:36, success
2022-10-24 11:28, success
2022-10-24 11:49, success
2022-10-24 13:02, success
2022-10-24 14:25, success
2022-10-24 14:59, success
2022-10-24 15:38, success
2022-10-24 16:44, success
2022-10-24 17:43, success
2022-10-24 18:46, success
2022-10-24 19:32, success
2022-10-24 20:32, success
2022-10-24 21:27, success
2022-10-24 21:50, success
2022-10-24 22:29, success
2022-10-24 22:53, success
2022-10-24 23:34, success
2022-10-25 02:51, success
2022-10-25 05:03, success
2022-10-25 06:40, success
2022-10-25 07:46, success
2022-10-25 08:44, success
2022-10-25 09:39, success
2022-10-25 10:34, success
2022-10-25 11:26, success
2022-10-25 11:46, success
2022-10-25 13:03, success
2022-10-25 14:22, success
2022-10-25 15:00, success
2022-10-25 15:39, success
2022-10-25 16:53, success
2022-10-25 18:01, success
2022-10-25 19:25, success
2022-10-25 19:57, success
2022-10-25 20:34, success
2022-10-25 21:26, success
2022-10-25 21:49, success
2022-10-25 22:30, success
2022-10-25 23:30, success
2022-10-26 02:27, success
2022-10-26 04:01, success
2022-10-26 05:10, success
2022-10-26 05:51, success
2022-10-26 06:36, success
2022-10-26 07:26, success
2022-10-26 07:44, success
2022-10-26 08:32, success
2022-10-26 09:25, success
2022-10-26 09:46, success
2022-10-26 10:28, success
2022-10-26 10:48, success
2022-10-26 11:22, success
2022-10-26 11:42, success
2022-10-26 12:59, success
2022-10-26 13:58, success
2022-10-26 14:31, success
2022-10-26 15:28, success
2022-10-26 15:50, success
2022-10-26 16:38, success
2022-10-26 17:28, success
2022-10-26 17:48, success
2022-10-26 18:32, success
2022-10-26 19:20, success
2022-10-26 19:40, success
2022-10-26 20:27, success
2022-10-26 20:47, success
2022-10-26 21:24, success
2022-10-26 21:45, success
2022-10-26 22:29, success
2022-10-26 22:49, success
2022-10-26 23:30, success
2022-10-26 23:50, success
2022-10-27 02:24, success
2022-10-27 03:57, success
2022-10-27 04:55, success
2022-10-27 05:32, success
2022-10-27 06:33, success
2022-10-27 07:24, success
2022-10-27 07:42, success
2022-10-27 08:32, success
2022-10-27 09:28, success
2022-10-27 09:49, success
2022-10-27 10:28, success
2022-10-27 10:49, success
2022-10-27 11:21, success
2022-10-27 11:41, success
2022-10-27 12:57, success
2022-10-27 13:54, success
2022-10-27 14:34, success
2022-10-27 15:27, success
2022-10-27 15:49, success
2022-10-27 16:38, success
2022-10-27 17:30, success
2022-10-27 17:50, success
2022-10-27 18:35, success
2022-10-27 19:21, success
2022-10-27 19:40, success
2022-10-27 20:27, success
2022-10-27 20:47, success
2022-10-27 21:22, success
2022-10-27 21:44, success
2022-10-27 22:25, success
2022-10-27 22:45, success
2022-10-27 23:31, success
2022-10-28 02:33, success
2022-10-28 04:07, success
2022-10-28 05:08, success
2022-10-28 05:49, success
2022-10-28 06:32, success
2022-10-28 07:22, success
2022-10-28 07:41, success
2022-10-28 08:38, success
2022-10-28 09:26, success
2022-10-28 09:46, success
2022-10-28 10:28, success
2022-10-28 10:48, success
2022-10-28 11:22, success
2022-10-28 11:42, success
2022-10-28 12:57, success
2022-10-28 13:58, success
2022-10-28 14:31, success
2022-10-28 15:28, success
2022-10-28 15:51, success
2022-10-28 16:33, success
2022-10-28 17:27, success
2022-10-28 17:47, success
2022-10-28 18:31, success
2022-10-28 19:20, success
2022-10-28 19:40, success
2022-10-28 20:28, success
2022-10-28 20:48, success
2022-10-28 21:23, success
2022-10-28 21:44, success
2022-10-28 22:25, success
2022-10-28 22:46, success
2022-10-28 23:29, success
2022-10-28 23:49, success
2022-10-29 02:18, success
2022-10-29 03:46, success
2022-10-29 04:42, success
2022-10-29 05:27, success
2022-10-29 05:46, success
2022-10-29 06:31, success
2022-10-29 07:22, success
2022-10-29 07:41, success
2022-10-29 08:31, success
2022-10-29 09:24, success
2022-10-29 09:44, success
2022-10-29 10:28, success
2022-10-29 10:47, success
2022-10-29 11:20, success
2022-10-29 11:40, success
2022-10-29 12:46, success
2022-10-29 13:36, success
2022-10-29 14:24, success
2022-10-29 14:43, success
2022-10-29 15:26, success
2022-10-29 15:46, success
2022-10-29 16:33, success
2022-10-29 17:25, success
2022-10-29 17:44, success
2022-10-29 18:30, success
2022-10-29 19:19, success
2022-10-29 19:39, success
2022-10-29 20:26, success
2022-10-29 20:45, success
2022-10-29 21:22, success
2022-10-29 21:43, success
2022-10-29 22:24, success
2022-10-29 22:44, success
2022-10-29 23:28, success
2022-10-29 23:48, success
2022-10-30 02:39, success
2022-10-30 04:11, success
2022-10-30 05:04, success
2022-10-30 05:46, success
2022-10-30 06:30, success
2022-10-30 07:22, success
2022-10-30 07:41, success
2022-10-30 08:30, success
2022-10-30 09:24, success
2022-10-30 09:44, success
2022-10-30 10:26, success
2022-10-30 10:46, success
2022-10-30 11:20, success
2022-10-30 11:40, success
2022-10-30 12:48, success
2022-10-30 13:37, success
2022-10-30 14:22, success
2022-10-30 14:42, success
2022-10-30 15:26, success
2022-10-30 15:46, success
2022-10-30 16:34, success
2022-10-30 17:25, success
2022-10-30 17:44, success
2022-10-30 18:31, success
2022-10-30 19:20, success
2022-10-30 19:39, success
2022-10-30 20:26, success
2022-10-30 20:45, success
2022-10-30 21:22, success
2022-10-30 21:43, success
2022-10-30 22:24, success
2022-10-30 22:44, success
2022-10-30 23:27, success
2022-10-30 23:47, success
2022-10-31 02:36, success
2022-10-31 04:08, success
2022-10-31 05:10, success
2022-10-31 05:53, success
2022-10-31 06:33, success
2022-10-31 07:24, success
2022-10-31 07:42, success
2022-10-31 08:37, success
2022-10-31 09:27, success
2022-10-31 09:48, success
2022-10-31 10:29, success
2022-10-31 10:50, success
2022-10-31 11:23, success
2022-10-31 11:43, success
2022-10-31 12:56, success
2022-10-31 13:58, success
2022-10-31 14:34, success
2022-10-31 15:27, success
2022-10-31 15:49, success
2022-10-31 16:39, success
2022-10-31 17:40, success
2022-10-31 18:34, success
2022-10-31 19:20, success
2022-10-31 19:40, success
2022-10-31 20:28, success
2022-10-31 20:47, success
2022-10-31 21:23, success
2022-10-31 21:44, success
2022-10-31 22:27, success
2022-10-31 22:47, success
2022-10-31 23:30, success
2022-11-01 02:43, success
2022-11-01 04:42, success
2022-11-01 05:51, success
2022-11-01 06:37, success
2022-11-01 07:26, success
2022-11-01 07:44, success
2022-11-01 08:33, success
2022-11-01 09:31, success
2022-11-01 10:30, success
2022-11-01 10:51, success
2022-11-01 11:22, success
2022-11-01 11:42, success
2022-11-01 13:01, success
2022-11-01 14:03, success
2022-11-01 14:51, success
2022-11-01 15:29, success
2022-11-01 15:51, success
2022-11-01 16:40, success
2022-11-01 17:33, success
2022-11-01 18:33, success
2022-11-01 19:21, success
2022-11-01 19:40, success
2022-11-01 20:28, success
2022-11-01 20:48, success
2022-11-01 21:24, success
2022-11-01 21:45, success
2022-11-01 22:29, success
2022-11-01 22:52, success
2022-11-01 23:29, success
2022-11-01 23:49, success
2022-11-02 02:33, success
2022-11-02 04:22, success
2022-11-02 05:26, success
2022-11-02 06:00, success
2022-11-02 06:55, success
2022-11-02 07:25, success
2022-11-02 07:43, success
2022-11-02 08:33, success
2022-11-02 09:25, success
2022-11-02 09:46, success
2022-11-02 10:29, success
2022-11-02 10:50, success
2022-11-02 11:23, success
2022-11-02 11:42, success
2022-11-02 12:59, success
2022-11-02 13:59, success
2022-11-02 14:32, success
2022-11-02 15:28, success
2022-11-02 15:50, success
2022-11-02 16:42, success
2022-11-02 17:37, success
2022-11-02 18:32, success
2022-11-02 19:19, success
2022-11-02 19:39, success
2022-11-02 20:25, success
2022-11-02 20:43, success
2022-11-02 21:25, success
2022-11-02 21:43, success
2022-11-02 22:24, success
2022-11-02 22:43, success
2022-11-02 23:28, success
2022-11-02 23:47, success
2022-11-03 02:16, success
2022-11-03 03:45, success
2022-11-03 04:45, success
2022-11-03 05:28, success
2022-11-03 05:45, success
2022-11-03 06:32, success
2022-11-03 07:22, success
2022-11-03 07:40, success
2022-11-03 08:33, success
2022-11-03 09:24, success
2022-11-03 09:43, success
2022-11-03 10:27, success
2022-11-03 10:50, success
2022-11-03 11:20, success
2022-11-03 11:40, success
2022-11-03 12:52, success
2022-11-03 13:49, success
2022-11-03 14:25, success
2022-11-03 14:43, success
2022-11-03 15:33, success
2022-11-03 16:37, success
2022-11-03 17:26, success
2022-11-03 17:45, success
2022-11-03 18:36, success
2022-11-03 19:18, success
2022-11-03 19:39, success
2022-11-03 20:21, success
2022-11-03 20:39, success
2022-11-03 21:19, success
2022-11-03 21:38, success
2022-11-03 22:21, success
2022-11-03 22:42, success
2022-11-03 23:27, success
2022-11-03 23:45, success
2022-11-04 02:22, success
2022-11-04 03:52, success
2022-11-04 04:50, success
2022-11-04 05:28, success
2022-11-04 05:45, success
2022-11-04 06:33, success
2022-11-04 07:22, success
2022-11-04 07:40, success
2022-11-04 08:34, success
2022-11-04 09:23, success
2022-11-04 09:43, success
2022-11-04 10:27, success
2022-11-04 10:46, success
2022-11-04 11:20, success
2022-11-04 11:40, success
2022-11-04 12:51, success
2022-11-04 13:44, success
2022-11-04 14:21, success
2022-11-04 14:42, success
2022-11-04 15:28, success
2022-11-04 15:49, success
2022-11-04 16:34, success
2022-11-04 17:25, success
2022-11-04 17:44, success
2022-11-04 18:30, success
2022-11-04 19:19, success
2022-11-04 19:39, success
2022-11-04 20:28, success
2022-11-04 20:45, success
2022-11-04 21:21, success
2022-11-04 21:41, success
2022-11-04 22:23, success
2022-11-04 22:43, success
2022-11-04 23:27, success
2022-11-04 23:46, success
2022-11-05 02:11, success
2022-11-05 03:36, success
2022-11-05 04:33, success
2022-11-05 05:21, success
2022-11-05 05:41, success
2022-11-05 06:29, success
2022-11-05 06:50, success
2022-11-05 07:21, success
2022-11-05 07:40, success
2022-11-05 08:29, success
2022-11-05 08:48, success
2022-11-05 09:23, success
2022-11-05 09:42, success
2022-11-05 10:26, success
2022-11-05 10:44, success
2022-11-05 11:18, success
2022-11-05 11:39, success
2022-11-05 12:42, success
2022-11-05 13:32, success
2022-11-05 14:20, success
2022-11-05 14:40, success
2022-11-05 15:23, success
2022-11-05 15:43, success
2022-11-05 16:31, success
2022-11-05 17:21, success
2022-11-05 17:41, success
2022-11-05 18:28, success
2022-11-05 18:47, success
2022-11-05 19:18, success
2022-11-05 19:39, success
2022-11-05 20:27, success
2022-11-05 20:45, success
2022-11-05 21:20, success
2022-11-05 21:40, success
2022-11-05 22:22, success
2022-11-05 22:42, success
2022-11-05 23:25, success
2022-11-05 23:43, success
2022-11-06 02:20, success
2022-11-06 03:38, success
2022-11-06 04:34, success
2022-11-06 05:21, success
2022-11-06 05:41, success
2022-11-06 06:29, success
2022-11-06 06:50, success
2022-11-06 07:21, success
2022-11-06 07:39, success
2022-11-06 08:29, success
2022-11-06 08:47, success
2022-11-06 09:23, success
2022-11-06 09:42, success
2022-11-06 10:25, success
2022-11-06 10:43, success
2022-11-06 11:18, success
2022-11-06 11:39, success
2022-11-06 12:44, success
2022-11-06 13:33, success
2022-11-06 14:21, success
2022-11-06 14:41, success
2022-11-06 15:26, success
2022-11-06 15:45, success
2022-11-06 16:32, success
2022-11-06 17:22, success
2022-11-06 17:41, success
2022-11-06 18:28, success
2022-11-06 18:48, success
2022-11-06 19:18, success
2022-11-06 19:39, success
2022-11-06 20:25, success
2022-11-06 20:43, success
2022-11-06 21:21, success
2022-11-06 21:41, success
2022-11-06 22:24, success
2022-11-06 22:43, success
2022-11-06 23:26, success
2022-11-06 23:45, success
2022-11-07 02:10, success
2022-11-07 03:48, success
2022-11-07 04:49, success
2022-11-07 05:32, success
2022-11-07 06:31, success
2022-11-07 07:22, success
2022-11-07 07:40, success
2022-11-07 08:33, success
2022-11-07 09:24, success
2022-11-07 09:44, success
2022-11-07 10:29, success
2022-11-07 10:50, success
2022-11-07 11:21, success
2022-11-07 11:40, success
2022-11-07 12:54, success
2022-11-07 13:51, success
2022-11-07 14:25, success
2022-11-07 14:44, success
2022-11-07 15:25, success
2022-11-07 15:45, success
2022-11-07 16:34, success
2022-11-07 17:30, success
2022-11-07 18:29, success
2022-11-07 18:50, success
2022-11-07 19:19, success
2022-11-07 19:39, success
2022-11-07 20:27, success
2022-11-07 20:45, success
2022-11-07 21:23, success
2022-11-07 21:44, success
2022-11-07 22:25, success
2022-11-07 22:44, success
2022-11-07 23:29, success
2022-11-07 23:47, success
2022-11-08 02:09, success
2022-11-08 03:44, success
2022-11-08 04:50, success
2022-11-08 05:29, success
2022-11-08 05:47, success
2022-11-08 06:32, success
2022-11-08 07:22, success
2022-11-08 07:40, success
2022-11-08 08:34, success
2022-11-08 09:25, success
2022-11-08 09:44, success
2022-11-08 10:30, success
2022-11-08 11:20, success
2022-11-08 11:40, success
2022-11-08 12:55, success
2022-11-08 13:49, success
2022-11-08 14:28, success
2022-11-08 14:47, success
2022-11-08 15:26, success
2022-11-08 15:46, success
2022-11-08 16:38, success
2022-11-08 17:29, success
2022-11-08 17:48, success
2022-11-08 18:36, success
2022-11-08 19:28, success
2022-11-08 19:45, success
2022-11-08 20:27, success
2022-11-08 20:46, success
2022-11-08 21:22, success
2022-11-08 21:42, success
2022-11-08 22:25, success
2022-11-08 22:44, success
2022-11-08 23:29, success
2022-11-08 23:49, success
2022-11-09 02:24, success
2022-11-09 03:50, success
2022-11-09 04:52, success
2022-11-09 05:33, success
2022-11-09 06:37, success
2022-11-09 07:23, success
2022-11-09 07:41, success
2022-11-09 08:32, success
2022-11-09 09:24, success
2022-11-09 09:44, success
2022-11-09 10:26, success
2022-11-09 10:46, success
2022-11-09 11:21, success
2022-11-09 11:40, success
2022-11-09 12:55, success
2022-11-09 13:51, success
2022-11-09 14:27, success
2022-11-09 14:46, success
2022-11-09 15:27, success
2022-11-09 15:48, success
2022-11-09 16:35, success
2022-11-09 17:26, success
2022-11-09 17:45, success
2022-11-09 18:30, success
2022-11-09 18:51, success
2022-11-09 19:19, success
2022-11-09 19:39, success
2022-11-09 20:26, success
2022-11-09 20:44, success
2022-11-09 21:24, success
2022-11-09 21:44, success
2022-11-09 22:24, success
2022-11-09 22:44, success
2022-11-09 23:28, success
2022-11-09 23:47, success
2022-11-10 02:17, success
2022-11-10 03:42, success
2022-11-10 04:48, success
2022-11-10 05:29, success
2022-11-10 05:47, success
2022-11-10 06:30, success
2022-11-10 07:22, success
2022-11-10 07:40, success
2022-11-10 08:38, success
2022-11-10 09:25, success
2022-11-10 09:44, success
2022-11-10 10:27, success
2022-11-10 10:46, success
2022-11-10 11:21, success
2022-11-10 11:40, success
2022-11-10 12:56, success
2022-11-10 13:55, success
2022-11-10 14:37, success
2022-11-10 15:25, success
2022-11-10 15:46, success
2022-11-10 16:35, success
2022-11-10 17:26, success
2022-11-10 17:45, success
2022-11-10 18:30, success
2022-11-10 19:20, success
2022-11-10 19:39, success
2022-11-10 20:27, success
2022-11-10 20:45, success
2022-11-10 21:23, success
2022-11-10 21:43, success
2022-11-10 22:24, success
2022-11-10 22:44, success
2022-11-10 23:26, success
2022-11-10 23:45, success
2022-11-11 02:14, success
2022-11-11 03:44, success
2022-11-11 04:43, success
2022-11-11 05:27, success
2022-11-11 05:45, success
2022-11-11 06:35, success
2022-11-11 07:23, success
2022-11-11 07:41, success
2022-11-11 08:33, success
2022-11-11 09:24, success
2022-11-11 09:44, success
2022-11-11 10:29, success
2022-11-11 10:50, success
2022-11-11 11:21, success
2022-11-11 11:40, success
2022-11-11 12:54, success
2022-11-11 13:49, success
2022-11-11 14:24, success
2022-11-11 14:42, success
2022-11-11 15:26, success
2022-11-11 15:47, success
2022-11-11 16:34, success
2022-11-11 17:25, success
2022-11-11 17:44, success
2022-11-11 18:31, success
2022-11-11 19:20, success
2022-11-11 19:39, success
2022-11-11 20:26, success
2022-11-11 20:44, success
2022-11-11 21:22, success
2022-11-11 21:42, success
2022-11-11 22:25, success
2022-11-11 22:45, success
2022-11-11 23:25, success
2022-11-11 23:45, success
2022-11-12 02:07, success
2022-11-12 03:40, success
2022-11-12 04:36, success
2022-11-12 05:23, success
2022-11-12 05:41, success
2022-11-12 06:29, success
2022-11-12 06:51, success
2022-11-12 07:22, success
2022-11-12 07:40, success
2022-11-12 08:30, success
2022-11-12 08:49, success
2022-11-12 09:23, success
2022-11-12 09:42, success
2022-11-12 10:25, success
2022-11-12 10:44, success
2022-11-12 11:19, success
2022-11-12 11:39, success
2022-11-12 12:43, success
2022-11-12 13:33, success
2022-11-12 14:20, success
2022-11-12 14:41, success
2022-11-12 15:25, success
2022-11-12 15:44, success
2022-11-12 16:33, success
2022-11-12 17:22, success
2022-11-12 17:42, success
2022-11-12 18:28, success
2022-11-12 18:49, success
2022-11-12 19:18, success
2022-11-12 19:39, success
2022-11-12 20:24, success
2022-11-12 20:43, success
2022-11-12 21:20, success
2022-11-12 21:41, success
2022-11-12 22:23, success
2022-11-12 22:43, success
2022-11-12 23:25, success
